{
  "f1_weighted": 0.9423643746243238,
  "accuracy": null,
  "cv_f1_mean": 0.9409132770080841,
  "cv_f1_std": 0.003490726896785288,
  "training_records": 10000,
  "model_type": "clinicalbert",
  "bert_checkpoint_path": "models/bert_checkpoint"
}
